split,condition,pair,model,mse_de20,mse_all_genes,cells
val,BCL2L11+TGFBR2,BCL2L11+TGFBR2,gears_local,0.058382459363315854,0.001505950967611598,382
val,CBL+CNN1,CBL+CNN1,gears_local,0.09160985614785985,0.008543123129352704,288
val,CBL+PTPN12,CBL+PTPN12,gears_local,0.039645595962056704,0.005008441469934397,257
val,CBL+TGFBR2,CBL+TGFBR2,gears_local,0.06169245567787385,0.0035133644553604483,156
val,CBL+UBASH3A,CBL+UBASH3A,gears_local,0.014287036029244613,0.0054622593773151545,50
val,CDKN1B+CDKN1A,CDKN1A+CDKN1B,gears_local,0.0159725638581227,0.005836125734720444,98
val,CEBPE+CNN1,CEBPE+CNN1,gears_local,0.153841396467527,0.004700732431167466,194
val,ETS2+CEBPE,CEBPE+ETS2,gears_local,0.10218042099911322,0.006878887624765514,320
val,ETS2+CNN1,CNN1+ETS2,gears_local,0.12134884355094591,0.005011688976935148,785
val,ETS2+MAP7D1,ETS2+MAP7D1,gears_local,0.29975017744889404,0.004034426958133521,265
val,FEV+ISL2,FEV+ISL2,gears_local,0.07409160935775824,0.013814155688011474,272
val,FOXA3+FOXF1,FOXA3+FOXF1,gears_local,0.04031998588942578,0.01003217357099193,146
val,IGDCC3+ZBTB25,IGDCC3+ZBTB25,gears_local,0.10085714648132642,0.004963231610040719,99
val,IRF1+SET,IRF1+SET,gears_local,0.7237506143501526,0.009710999878212005,367
val,KIF18B+KIF2C,KIF18B+KIF2C,gears_local,0.010549261563582735,0.0024462679677743847,83
val,MAPK1+TGFBR2,MAPK1+TGFBR2,gears_local,0.31683992082040036,0.0040101514876545565,389
val,TGFBR2+C19orf26,C19orf26+TGFBR2,gears_local,0.1317735480486712,0.002291974679086888,274
val,UBASH3B+CNN1,CNN1+UBASH3B,gears_local,0.1489799595635512,0.005725602719952575,355
val,ZBTB10+ELMSAN1,ELMSAN1+ZBTB10,gears_local,0.0956640191741264,0.01220893049813728,161
val,ZBTB10+SNAI1,SNAI1+ZBTB10,gears_local,0.037778169682125884,0.022881198397469545,85
test,BPGM+SAMD1,BPGM+SAMD1,gears_local,0.13131904495749983,0.007995490248120591,240
test,BPGM+ZBTB1,BPGM+ZBTB1,gears_local,0.08073638479162111,0.007054762157520808,283
test,CDKN1C+CDKN1A,CDKN1A+CDKN1C,gears_local,0.07289171034043535,0.006815621201362402,80
test,CEBPB+CEBPA,CEBPA+CEBPB,gears_local,0.03928613047553855,0.032887701271651075,75
test,CEBPE+CEBPB,CEBPB+CEBPE,gears_local,0.02213774429874186,0.016887645129833265,111
test,CNN1+MAPK1,CNN1+MAPK1,gears_local,0.24404691325028752,0.005581331565958806,325
test,ETS2+IGDCC3,ETS2+IGDCC3,gears_local,0.11594388051188323,0.0035024365434668373,365
test,ETS2+MAPK1,ETS2+MAPK1,gears_local,0.5420248573286092,0.00737737255003949,432
test,FOXL2+MEIS1,FOXL2+MEIS1,gears_local,0.04723586066499776,0.008358193185005955,177
test,IGDCC3+PRTG,IGDCC3+PRTG,gears_local,0.04557662781990594,0.005519714419562621,108
test,JUN+CEBPA,CEBPA+JUN,gears_local,0.07365097208761391,0.0285080726881422,70
test,KLF1+CLDN6,CLDN6+KLF1,gears_local,0.24655969164795494,0.006354686751067195,215
test,MAP2K3+IKZF3,IKZF3+MAP2K3,gears_local,0.09438462044244335,0.006304005309524842,220
test,MAP2K3+MAP2K6,MAP2K3+MAP2K6,gears_local,0.014202202691144212,0.00451387875014381,458
test,MAPK1+PRTG,MAPK1+PRTG,gears_local,0.1916389652736466,0.0026142424063389674,380
test,PTPN12+UBASH3A,PTPN12+UBASH3A,gears_local,0.16479112581656513,0.0032780163789695774,255
test,SGK1+TBX2,SGK1+TBX2,gears_local,0.3573781840041327,0.0077548581465541324,287
test,TGFBR2+ETS2,ETS2+TGFBR2,gears_local,0.11997865926461511,0.002050883480536529,275
test,TGFBR2+IGDCC3,IGDCC3+TGFBR2,gears_local,0.08515150920443179,0.0024359441944433323,262
test,ZC3HAV1+HOXC13,HOXC13+ZC3HAV1,gears_local,0.09374035279337474,0.00760095940780836,543
