epoch,mean_training_loss,validation_mse_de20,learning_rate,seconds,best_so_far
1,0.7108078951071083,0.23043270438302138,0.0005,89.0652694159653,True
2,0.6947039841096613,0.2571679577487599,0.00025,89.58884795801714,False
3,0.693066546685585,0.17506529396133136,0.000125,90.21358037501341,True
4,0.6918902746735746,0.15163558433009566,6.25e-05,90.4014329170459,True
5,0.689604382977707,0.1346348362719966,3.125e-05,102.73379237495828,True
6,0.6924275534565438,0.14182975426715433,1.5625e-05,101.82227562501794,False
7,0.6877980423376027,0.13675123536416567,7.8125e-06,95.74989974999335,False
8,0.6822847915098134,0.13454874926956928,3.90625e-06,98.33801825001137,True
9,0.6886878763070087,0.1388468381649125,1.953125e-06,93.01582845801022,False
10,0.6874562285620452,0.13278216548436897,9.765625e-07,98.67765954200877,True
11,0.6885599841045428,0.13609861236179455,4.8828125e-07,106.66715429100441,False
12,0.6892222643904545,0.13196575202180374,2.44140625e-07,96.87150758301141,True
13,0.6888334316040393,0.1349230500374991,1.220703125e-07,105.8889942910173,False
14,0.6911864019144437,0.13428185824198954,6.103515625e-08,98.70469825004693,False
15,0.6876101888684784,0.13495624977460532,3.0517578125e-08,96.07477191701764,False
16,0.6869005988418805,0.1395310988084812,1.52587890625e-08,105.77145237498917,False
17,0.6914549583121191,0.1348901630540199,7.62939453125e-09,108.15530845796457,False
