pair,geneA,geneB,condition,cells,controlMse,additiveMse,gearsMse,improvement
BPGM+SAMD1,BPGM,SAMD1,BPGM+SAMD1,240,0.7653955728141058,0.0412946993045919,0.11262672867502263,-0.07133202937043073
BPGM+ZBTB1,BPGM,ZBTB1,BPGM+ZBTB1,283,0.834000936948405,0.0737937411836648,0.13153668565500598,-0.05774294447134118
CDKN1A+CDKN1C,CDKN1A,CDKN1C,CDKN1C+CDKN1A,80,0.3073287707910572,0.0283870154512653,0.05786260927627866,-0.02947559382501336
CEBPA+CEBPB,CEBPA,CEBPB,CEBPB+CEBPA,75,0.2904140862180615,0.1009172789241895,0.0653342131876475,0.035583065736542005
CEBPA+JUN,CEBPA,JUN,JUN+CEBPA,70,0.3750632116266592,0.0130995731929142,0.22977528239122758,-0.2166757091983134
CEBPB+CEBPE,CEBPB,CEBPE,CEBPE+CEBPB,111,0.6353062077802475,0.0944032736744992,0.11394639558188664,-0.01954312190738744
CLDN6+KLF1,CLDN6,KLF1,KLF1+CLDN6,215,1.094598623399366,0.1115449217600384,0.22242344297567657,-0.11087852121563817
CNN1+MAPK1,CNN1,MAPK1,CNN1+MAPK1,325,0.2371263131968107,0.0223625976808875,0.22926414212903054,-0.20690154444814304
ETS2+IGDCC3,ETS2,IGDCC3,ETS2+IGDCC3,365,0.268502641289733,0.0238191402754334,0.15965067434536487,-0.13583153406993148
ETS2+MAPK1,ETS2,MAPK1,ETS2+MAPK1,432,1.064429671953906,0.102945141883248,0.4763068920273731,-0.3733617501441251
ETS2+TGFBR2,ETS2,TGFBR2,TGFBR2+ETS2,275,0.1191653462494877,0.0033107240582047,0.12414802824020485,-0.12083730418200014
FOXL2+MEIS1,FOXL2,MEIS1,FOXL2+MEIS1,177,0.1975561166404773,0.0064321658035575,0.05986180028526191,-0.05342963448170441
HOXC13+ZC3HAV1,HOXC13,ZC3HAV1,ZC3HAV1+HOXC13,543,0.2417818396828354,0.012754277864438,0.11503113530415983,-0.10227685743972183
IGDCC3+PRTG,IGDCC3,PRTG,IGDCC3+PRTG,108,0.4309556565752891,0.1904891938700961,0.05456250275207617,0.13592669111801994
IGDCC3+TGFBR2,IGDCC3,TGFBR2,TGFBR2+IGDCC3,262,0.4135554839104894,0.0184074826990065,0.11801884231362667,-0.09961135961462017
IKZF3+MAP2K3,IKZF3,MAP2K3,MAP2K3+IKZF3,220,1.5694672880721083,0.049465101322547,0.21804003550416567,-0.16857493418161867
MAP2K3+MAP2K6,MAP2K3,MAP2K6,MAP2K3+MAP2K6,458,0.0698078162128927,0.0228740233772801,0.02534748980019828,-0.00247346642291818
MAPK1+PRTG,MAPK1,PRTG,MAPK1+PRTG,380,0.2792460294440133,0.0485616364958562,0.18334597135067082,-0.1347843348548146
PTPN12+UBASH3A,PTPN12,UBASH3A,PTPN12+UBASH3A,255,0.8724999345653413,0.2100395934558533,0.20856536119868618,0.001474232257167113
SGK1+TBX2,SGK1,TBX2,SGK1+TBX2,287,0.7094567232823807,0.0297732746218855,0.37101552335371196,-0.34124224873182646
