split,pair,model,mse_de20,mse_all_genes,cells,condition_labels
test,BPGM+SAMD1,additive,0.04129469930459191,0.0008221278718719459,240,1
test,BPGM+SAMD1,control,0.7653955728141058,0.006211672943785346,240,1
test,BPGM+ZBTB1,additive,0.0737937411836648,0.0010138407516440376,283,1
test,BPGM+ZBTB1,control,0.834000936948405,0.0057971892012835995,283,1
test,CDKN1A+CDKN1C,additive,0.02838701545126532,0.0021244421997393655,80,1
test,CDKN1A+CDKN1C,control,0.3073287707910572,0.006424060409345748,80,1
test,CEBPA+CEBPB,additive,0.10091727892418953,0.011118458516008851,75,1
test,CEBPA+CEBPB,control,0.29041408621806153,0.03242321590513209,75,1
test,CEBPA+JUN,additive,0.013099573192914243,0.004082624649873942,70,1
test,CEBPA+JUN,control,0.37506321162665923,0.03832544955418309,70,1
test,CEBPB+CEBPE,additive,0.09440327367449929,0.004245158758283358,111,1
test,CEBPB+CEBPE,control,0.6353062077802475,0.020841479476705928,111,1
test,CLDN6+KLF1,additive,0.11154492176003843,0.0015847111460537385,215,1
test,CLDN6+KLF1,control,1.094598623399366,0.00859276631969829,215,1
test,CNN1+MAPK1,additive,0.022362597680887542,0.001182498130688617,325,1
test,CNN1+MAPK1,control,0.23712631319681074,0.0025903077760400027,325,1
test,ETS2+IGDCC3,additive,0.02381914027543345,0.0010543369649765831,365,1
test,ETS2+IGDCC3,control,0.268502641289733,0.002347144176998352,365,1
test,ETS2+MAPK1,additive,0.10294514188324806,0.0012229238496352555,432,1
test,ETS2+MAPK1,control,1.064429671953906,0.010232980683056931,432,1
test,ETS2+TGFBR2,additive,0.0033107240582047706,0.0003429570276858613,275,1
test,ETS2+TGFBR2,control,0.11916534624948771,0.0012562580454180273,275,1
test,FOXL2+MEIS1,additive,0.006432165803557542,0.0006873667326942751,177,1
test,FOXL2+MEIS1,control,0.19755611664047734,0.004712049122282303,177,1
test,HOXC13+ZC3HAV1,additive,0.01275427786443804,0.0008630639774393838,543,1
test,HOXC13+ZC3HAV1,control,0.24178183968283543,0.0027145989356920992,543,1
test,IGDCC3+PRTG,additive,0.19048919387009616,0.0023820903270926016,108,1
test,IGDCC3+PRTG,control,0.4309556565752891,0.005752675573839823,108,1
test,IGDCC3+TGFBR2,additive,0.018407482699006557,0.00047789223578568915,262,1
test,IGDCC3+TGFBR2,control,0.41355548391048946,0.0036064413236645203,262,1
test,IKZF3+MAP2K3,additive,0.04946510132254704,0.0010922501129540176,220,1
test,IKZF3+MAP2K3,control,1.5694672880721083,0.009538111151533317,220,1
test,MAP2K3+MAP2K6,additive,0.022874023377280114,0.0006373261963820943,458,1
test,MAP2K3+MAP2K6,control,0.06980781621289271,0.0009106366398545924,458,1
test,MAPK1+PRTG,additive,0.048561636495856264,0.002140752063160473,380,1
test,MAPK1+PRTG,control,0.2792460294440133,0.00280365623273449,380,1
test,PTPN12+UBASH3A,additive,0.2100395934558533,0.0020692493576035687,255,1
test,PTPN12+UBASH3A,control,0.8724999345653413,0.007813582911167342,255,1
test,SGK1+TBX2,additive,0.029773274621885566,0.00064381201047091,287,1
test,SGK1+TBX2,control,0.7094567232823807,0.006394504837357348,287,1
val,BCL2L11+TGFBR2,additive,0.005074167716870583,0.00023180592090289246,382,1
val,BCL2L11+TGFBR2,control,0.11418713106177243,0.000803784610758451,382,1
val,C19orf26+TGFBR2,additive,0.03691781983985891,0.0009916032194156083,274,1
val,C19orf26+TGFBR2,control,0.3399964601403743,0.003374851982903167,274,1
val,CBL+CNN1,additive,0.11641178821671798,0.0019739296119593948,288,1
val,CBL+CNN1,control,1.6469943321166096,0.012389076106724621,288,1
val,CBL+PTPN12,additive,0.03623301085005774,0.000805576276464931,257,1
val,CBL+PTPN12,control,0.983467666948731,0.007436844517005539,257,1
val,CBL+TGFBR2,additive,0.012553554631805746,0.0005477599034025539,156,1
val,CBL+TGFBR2,control,0.43419878575205473,0.003770842763018887,156,1
val,CBL+UBASH3A,additive,0.001217313119118367,0.0022158640707151843,50,1
val,CBL+UBASH3A,control,0.0022987134519652716,0.005870515702275634,50,1
val,CDKN1A+CDKN1B,additive,0.028320456110683696,0.0012310025682429008,98,1
val,CDKN1A+CDKN1B,control,0.21034114525554454,0.005908579994962375,98,1
val,CEBPE+CNN1,additive,0.06188943343604566,0.00347607469986291,194,1
val,CEBPE+CNN1,control,0.30690743104378554,0.0035459917540568626,194,1
val,CEBPE+ETS2,additive,0.08599812615838878,0.0022870648635740995,320,1
val,CEBPE+ETS2,control,0.7741339670646035,0.007880841372379913,320,1
val,CNN1+ETS2,additive,0.018233821105139766,0.0005426689185424052,785,1
val,CNN1+ETS2,control,0.2405460270030609,0.0018445634875345258,785,1
val,CNN1+UBASH3B,additive,0.13400038010881507,0.001597539639145268,355,1
val,CNN1+UBASH3B,control,1.613019935355176,0.011891558332331237,355,1
val,ELMSAN1+ZBTB10,additive,0.030602991720527956,0.0014559661146699918,161,1
val,ELMSAN1+ZBTB10,control,0.4356651369271029,0.008839311044276914,161,1
val,ETS2+MAP7D1,additive,0.02165492404147947,0.0008005276828135189,265,1
val,ETS2+MAP7D1,control,0.43489371528000476,0.004590885295338229,265,1
val,FEV+ISL2,additive,0.0367940876094409,0.0016892623937676862,272,1
val,FEV+ISL2,control,0.7937194137036103,0.010139185853602654,272,1
val,FOXA3+FOXF1,additive,0.0029472608303640507,0.0008993989875474998,146,1
val,FOXA3+FOXF1,control,0.09046203707961911,0.0046253261158676175,146,1
val,IGDCC3+ZBTB25,additive,0.012400964620575992,0.0009009108712015018,99,1
val,IGDCC3+ZBTB25,control,0.6977732520214074,0.009089981190044488,99,1
val,IRF1+SET,additive,0.04333677700762896,0.0018201159520414643,367,1
val,IRF1+SET,control,0.936691760282357,0.010267379578728676,367,1
val,KIF18B+KIF2C,additive,0.0006513506290523066,0.0009754361990520667,83,1
val,KIF18B+KIF2C,control,0.00038626179394576763,0.0011606130436557312,83,1
val,MAPK1+TGFBR2,additive,0.010495639370793773,0.00037536627854575224,389,1
val,MAPK1+TGFBR2,control,0.37519596006021605,0.0034235351178848548,389,1
val,SNAI1+ZBTB10,additive,0.0009676519988631637,0.002740090383037534,85,1
val,SNAI1+ZBTB10,control,0.0010400724860429003,0.015659930325670094,85,1
