split,pair,condition,model,cells,mse_de20,mse_all_genes
val,BCL2L11+TGFBR2,BCL2L11+TGFBR2,control,382,0.11418713106177243,0.000803784610758451
val,BCL2L11+TGFBR2,BCL2L11+TGFBR2,additive,382,0.005074167716870583,0.00023180592090289246
val,C19orf26+TGFBR2,TGFBR2+C19orf26,control,274,0.3399964601403743,0.003374851982903167
val,C19orf26+TGFBR2,TGFBR2+C19orf26,additive,274,0.03691781983985891,0.0009916032194156083
val,CBL+CNN1,CBL+CNN1,control,288,1.6469943321166096,0.012389076106724621
val,CBL+CNN1,CBL+CNN1,additive,288,0.11641178821671798,0.0019739296119593948
val,CBL+PTPN12,CBL+PTPN12,control,257,0.983467666948731,0.007436844517005539
val,CBL+PTPN12,CBL+PTPN12,additive,257,0.03623301085005774,0.000805576276464931
val,CBL+TGFBR2,CBL+TGFBR2,control,156,0.43419878575205473,0.003770842763018887
val,CBL+TGFBR2,CBL+TGFBR2,additive,156,0.012553554631805746,0.0005477599034025539
val,CBL+UBASH3A,CBL+UBASH3A,control,50,0.0022987134519652716,0.005870515702275634
val,CBL+UBASH3A,CBL+UBASH3A,additive,50,0.001217313119118367,0.0022158640707151843
val,CDKN1A+CDKN1B,CDKN1B+CDKN1A,control,98,0.21034114525554454,0.005908579994962375
val,CDKN1A+CDKN1B,CDKN1B+CDKN1A,additive,98,0.028320456110683696,0.0012310025682429008
val,CEBPE+CNN1,CEBPE+CNN1,control,194,0.30690743104378554,0.0035459917540568626
val,CEBPE+CNN1,CEBPE+CNN1,additive,194,0.06188943343604566,0.00347607469986291
val,CEBPE+ETS2,ETS2+CEBPE,control,320,0.7741339670646035,0.007880841372379913
val,CEBPE+ETS2,ETS2+CEBPE,additive,320,0.08599812615838878,0.0022870648635740995
val,CNN1+ETS2,ETS2+CNN1,control,785,0.2405460270030609,0.0018445634875345258
val,CNN1+ETS2,ETS2+CNN1,additive,785,0.018233821105139766,0.0005426689185424052
val,CNN1+UBASH3B,UBASH3B+CNN1,control,355,1.613019935355176,0.011891558332331237
val,CNN1+UBASH3B,UBASH3B+CNN1,additive,355,0.13400038010881507,0.001597539639145268
val,ELMSAN1+ZBTB10,ZBTB10+ELMSAN1,control,161,0.4356651369271029,0.008839311044276914
val,ELMSAN1+ZBTB10,ZBTB10+ELMSAN1,additive,161,0.030602991720527956,0.0014559661146699918
val,ETS2+MAP7D1,ETS2+MAP7D1,control,265,0.43489371528000476,0.004590885295338229
val,ETS2+MAP7D1,ETS2+MAP7D1,additive,265,0.02165492404147947,0.0008005276828135189
val,FEV+ISL2,FEV+ISL2,control,272,0.7937194137036103,0.010139185853602654
val,FEV+ISL2,FEV+ISL2,additive,272,0.0367940876094409,0.0016892623937676862
val,FOXA3+FOXF1,FOXA3+FOXF1,control,146,0.09046203707961911,0.0046253261158676175
val,FOXA3+FOXF1,FOXA3+FOXF1,additive,146,0.0029472608303640507,0.0008993989875474998
val,IGDCC3+ZBTB25,IGDCC3+ZBTB25,control,99,0.6977732520214074,0.009089981190044488
val,IGDCC3+ZBTB25,IGDCC3+ZBTB25,additive,99,0.012400964620575992,0.0009009108712015018
val,IRF1+SET,IRF1+SET,control,367,0.936691760282357,0.010267379578728676
val,IRF1+SET,IRF1+SET,additive,367,0.04333677700762896,0.0018201159520414643
val,KIF18B+KIF2C,KIF18B+KIF2C,control,83,0.00038626179394576763,0.0011606130436557312
val,KIF18B+KIF2C,KIF18B+KIF2C,additive,83,0.0006513506290523066,0.0009754361990520667
val,MAPK1+TGFBR2,MAPK1+TGFBR2,control,389,0.37519596006021605,0.0034235351178848548
val,MAPK1+TGFBR2,MAPK1+TGFBR2,additive,389,0.010495639370793773,0.00037536627854575224
val,SNAI1+ZBTB10,ZBTB10+SNAI1,control,85,0.0010400724860429003,0.015659930325670094
val,SNAI1+ZBTB10,ZBTB10+SNAI1,additive,85,0.0009676519988631637,0.002740090383037534
test,BPGM+SAMD1,BPGM+SAMD1,control,240,0.7653955728141058,0.006211672943785346
test,BPGM+SAMD1,BPGM+SAMD1,additive,240,0.04129469930459191,0.0008221278718719459
test,BPGM+ZBTB1,BPGM+ZBTB1,control,283,0.834000936948405,0.0057971892012835995
test,BPGM+ZBTB1,BPGM+ZBTB1,additive,283,0.0737937411836648,0.0010138407516440376
test,CDKN1A+CDKN1C,CDKN1C+CDKN1A,control,80,0.3073287707910572,0.006424060409345748
test,CDKN1A+CDKN1C,CDKN1C+CDKN1A,additive,80,0.02838701545126532,0.0021244421997393655
test,CEBPA+CEBPB,CEBPB+CEBPA,control,75,0.29041408621806153,0.03242321590513209
test,CEBPA+CEBPB,CEBPB+CEBPA,additive,75,0.10091727892418953,0.011118458516008851
test,CEBPA+JUN,JUN+CEBPA,control,70,0.37506321162665923,0.03832544955418309
test,CEBPA+JUN,JUN+CEBPA,additive,70,0.013099573192914243,0.004082624649873942
test,CEBPB+CEBPE,CEBPE+CEBPB,control,111,0.6353062077802475,0.020841479476705928
test,CEBPB+CEBPE,CEBPE+CEBPB,additive,111,0.09440327367449929,0.004245158758283358
test,CLDN6+KLF1,KLF1+CLDN6,control,215,1.094598623399366,0.00859276631969829
test,CLDN6+KLF1,KLF1+CLDN6,additive,215,0.11154492176003843,0.0015847111460537385
test,CNN1+MAPK1,CNN1+MAPK1,control,325,0.23712631319681074,0.0025903077760400027
test,CNN1+MAPK1,CNN1+MAPK1,additive,325,0.022362597680887542,0.001182498130688617
test,ETS2+IGDCC3,ETS2+IGDCC3,control,365,0.268502641289733,0.002347144176998352
test,ETS2+IGDCC3,ETS2+IGDCC3,additive,365,0.02381914027543345,0.0010543369649765831
test,ETS2+MAPK1,ETS2+MAPK1,control,432,1.064429671953906,0.010232980683056931
test,ETS2+MAPK1,ETS2+MAPK1,additive,432,0.10294514188324806,0.0012229238496352555
test,ETS2+TGFBR2,TGFBR2+ETS2,control,275,0.11916534624948771,0.0012562580454180273
test,ETS2+TGFBR2,TGFBR2+ETS2,additive,275,0.0033107240582047706,0.0003429570276858613
test,FOXL2+MEIS1,FOXL2+MEIS1,control,177,0.19755611664047734,0.004712049122282303
test,FOXL2+MEIS1,FOXL2+MEIS1,additive,177,0.006432165803557542,0.0006873667326942751
test,HOXC13+ZC3HAV1,ZC3HAV1+HOXC13,control,543,0.24178183968283543,0.0027145989356920992
test,HOXC13+ZC3HAV1,ZC3HAV1+HOXC13,additive,543,0.01275427786443804,0.0008630639774393838
test,IGDCC3+PRTG,IGDCC3+PRTG,control,108,0.4309556565752891,0.005752675573839823
test,IGDCC3+PRTG,IGDCC3+PRTG,additive,108,0.19048919387009616,0.0023820903270926016
test,IGDCC3+TGFBR2,TGFBR2+IGDCC3,control,262,0.41355548391048946,0.0036064413236645203
test,IGDCC3+TGFBR2,TGFBR2+IGDCC3,additive,262,0.018407482699006557,0.00047789223578568915
test,IKZF3+MAP2K3,MAP2K3+IKZF3,control,220,1.5694672880721083,0.009538111151533317
test,IKZF3+MAP2K3,MAP2K3+IKZF3,additive,220,0.04946510132254704,0.0010922501129540176
test,MAP2K3+MAP2K6,MAP2K3+MAP2K6,control,458,0.06980781621289271,0.0009106366398545924
test,MAP2K3+MAP2K6,MAP2K3+MAP2K6,additive,458,0.022874023377280114,0.0006373261963820943
test,MAPK1+PRTG,MAPK1+PRTG,control,380,0.2792460294440133,0.00280365623273449
test,MAPK1+PRTG,MAPK1+PRTG,additive,380,0.048561636495856264,0.002140752063160473
test,PTPN12+UBASH3A,PTPN12+UBASH3A,control,255,0.8724999345653413,0.007813582911167342
test,PTPN12+UBASH3A,PTPN12+UBASH3A,additive,255,0.2100395934558533,0.0020692493576035687
test,SGK1+TBX2,SGK1+TBX2,control,287,0.7094567232823807,0.006394504837357348
test,SGK1+TBX2,SGK1+TBX2,additive,287,0.029773274621885566,0.00064381201047091
