condition,cells,type
ctrl,7353,control
CEBPE+RUNX1T1,1030,gene pair
KLF1+ctrl,997,single gene
TBX3+TBX2,969,gene pair
SLC4A1+ctrl,853,single gene
ETS2+CNN1,785,gene pair
DUSP9+ETS2,698,gene pair
UBASH3B+OSR2,677,gene pair
DUSP9+ctrl,662,single gene
ctrl+ETS2,656,single gene
ctrl+KLF1,644,single gene
ctrl+BAK1,637,single gene
ctrl+CEBPE,566,single gene
LHX1+ELMSAN1,547,gene pair
ZC3HAV1+HOXC13,543,gene pair
ZNF318+ctrl,541,single gene
SET+KLF1,541,gene pair
CBL+ctrl,538,single gene
BAK1+ctrl,534,single gene
SET+CEBPE,529,gene pair
ctrl+UBASH3B,513,single gene
SET+ctrl,512,single gene
MAML2+ctrl,508,single gene
FOSB+ctrl,502,single gene
MAP2K3+ELMSAN1,484,gene pair
C19orf26+ctrl,480,single gene
AHR+ctrl,479,single gene
ctrl+FEV,474,single gene
CEBPE+ctrl,473,single gene
UBASH3B+ctrl,470,single gene
BCL2L11+ctrl,463,single gene
TMSB4X+ctrl,462,single gene
MAP2K3+ctrl,458,single gene
MAP2K3+MAP2K6,458,gene pair
BCORL1+ctrl,456,single gene
ctrl+OSR2,451,single gene
FOXF1+ctrl,448,single gene
S1PR2+ctrl,446,single gene
SGK1+ctrl,446,single gene
SLC6A9+ctrl,441,single gene
ZC3HAV1+ctrl,436,single gene
ETS2+MAPK1,432,gene pair
ctrl+ELMSAN1,430,single gene
FOXA1+ctrl,426,single gene
UBASH3B+UBASH3A,426,gene pair
AHR+KLF1,412,gene pair
FOXA3+ctrl,409,single gene
OSR2+ctrl,407,single gene
ARRDC3+ctrl,405,single gene
ctrl+CNN1,400,single gene
BPGM+ctrl,393,single gene
ctrl+MEIS1,390,single gene
MAPK1+TGFBR2,389,gene pair
CEBPE+KLF1,389,gene pair
CELF2+ctrl,388,single gene
ETS2+IKZF3,388,gene pair
BCL2L11+TGFBR2,382,gene pair
ctrl+MAPK1,381,single gene
MAPK1+PRTG,380,gene pair
GLB1L2+ctrl,378,single gene
ctrl+MAP2K6,378,single gene
CNNM4+ctrl,376,single gene
TSC22D1+ctrl,376,single gene
ETS2+ctrl,375,single gene
IKZF3+ctrl,374,single gene
UBASH3A+ctrl,371,single gene
IRF1+SET,367,gene pair
ETS2+IGDCC3,365,gene pair
MAP2K6+ELMSAN1,365,gene pair
FOSB+UBASH3B,363,gene pair
MAP2K6+ctrl,363,single gene
LYL1+ctrl,360,single gene
ctrl+MAP7D1,358,single gene
ctrl+RUNX1T1,356,single gene
HOXB9+ctrl,356,single gene
UBASH3B+CNN1,355,gene pair
CSRNP1+ctrl,354,single gene
ETS2+PRTG,354,gene pair
ELMSAN1+ctrl,353,single gene
ZC3HAV1+CEBPE,346,gene pair
ZBTB25+ctrl,343,single gene
PTPN1+ctrl,342,single gene
LHX1+ctrl,342,single gene
CEBPB+MAPK1,337,gene pair
ctrl+SPI1,336,single gene
ctrl+FOXA1,335,single gene
IRF1+ctrl,331,single gene
ctrl+TGFBR2,328,single gene
CBL+UBASH3B,326,gene pair
CNN1+MAPK1,325,gene pair
FOSB+OSR2,324,gene pair
KLF1+FOXA1,323,gene pair
DUSP9+IGDCC3,323,gene pair
KLF1+BAK1,323,gene pair
CEBPA+ctrl,322,single gene
DUSP9+KLF1,320,gene pair
ETS2+CEBPE,320,gene pair
CEBPE+PTPN12,317,gene pair
DLX2+ctrl,316,single gene
ZBTB1+ctrl,315,single gene
ctrl+UBASH3A,315,single gene
SGK1+S1PR2,312,gene pair
POU3F2+ctrl,312,single gene
KLF1+CEBPA,308,gene pair
ATL1+ctrl,305,single gene
FOXL2+ctrl,303,single gene
FOXA3+HOXB9,301,gene pair
MAP4K5+ctrl,300,single gene
MAP4K3+ctrl,299,single gene
MAP2K3+SLC38A2,297,gene pair
ctrl+PRTG,296,single gene
ctrl+TBX2,295,single gene
PTPN12+PTPN9,295,gene pair
IGDCC3+MAPK1,293,gene pair
MEIS1+ctrl,292,single gene
SAMD1+PTPN12,292,gene pair
FOSB+PTPN12,291,gene pair
ctrl+DLX2,290,single gene
TBX3+ctrl,289,single gene
CBL+CNN1,288,gene pair
CBFA2T3+ctrl,288,single gene
ctrl+ZBTB1,287,single gene
SGK1+TBX2,287,gene pair
POU3F2+FOXL2,286,gene pair
PRTG+ctrl,285,single gene
IGDCC3+ctrl,284,single gene
BPGM+ZBTB1,283,gene pair
PTPN12+OSR2,283,gene pair
UBASH3B+PTPN9,282,gene pair
RREB1+ctrl,281,single gene
CLDN6+ctrl,281,single gene
ctrl+SLC38A2,280,single gene
MAPK1+ctrl,279,single gene
ctrl+SET,278,single gene
MAP7D1+ctrl,277,single gene
RUNX1T1+ctrl,275,single gene
TGFBR2+ETS2,275,gene pair
TGFBR2+C19orf26,274,gene pair
PRDM1+ctrl,273,single gene
FEV+ISL2,272,gene pair
ISL2+ctrl,272,single gene
KIF2C+ctrl,270,single gene
ctrl+C19orf26,270,single gene
ctrl+TBX3,270,single gene
TBX2+ctrl,269,single gene
CDKN1B+ctrl,268,single gene
ctrl+FOXF1,267,single gene
TMSB4X+BAK1,267,gene pair
FOXA1+HOXB9,266,gene pair
CEBPB+PTPN12,266,gene pair
ETS2+MAP7D1,265,gene pair
AHR+FEV,264,gene pair
MAPK1+IKZF3,264,gene pair
ctrl+CLDN6,263,single gene
KLF1+TGFBR2,263,gene pair
TGFBR2+IGDCC3,262,gene pair
EGR1+ctrl,261,single gene
UBASH3B+PTPN12,260,gene pair
ctrl+CEBPA,258,single gene
COL1A1+ctrl,257,single gene
CBL+PTPN12,257,gene pair
PTPN12+ZBTB25,257,gene pair
ctrl+HOXB9,256,single gene
MIDN+ctrl,256,single gene
SNAI1+UBASH3B,256,gene pair
PTPN12+UBASH3A,255,gene pair
SAMD1+ctrl,252,single gene
MAP2K6+IKZF3,251,gene pair
KLF1+COL2A1,251,gene pair
HK2+ctrl,249,single gene
ctrl+KIF2C,248,single gene
ctrl+ZBTB25,247,single gene
DUSP9+MAPK1,247,gene pair
COL2A1+ctrl,247,single gene
FEV+MAP7D1,246,gene pair
PTPN12+SNAI1,244,gene pair
SGK1+TBX3,243,gene pair
ctrl+CBFA2T3,243,single gene
MAP2K6+SPI1,242,gene pair
ctrl+FOXL2,241,single gene
CEBPE+CEBPA,240,gene pair
CEBPB+ctrl,240,single gene
BPGM+SAMD1,240,gene pair
DUSP9+PRTG,238,gene pair
FOXA1+FOXF1,237,gene pair
CNN1+ctrl,236,single gene
JUN+ctrl,235,single gene
CBL+PTPN9,234,gene pair
HOXA13+ctrl,230,single gene
ZBTB10+PTPN12,230,gene pair
ctrl+COL2A1,227,single gene
PTPN13+ctrl,226,single gene
UBASH3B+ZBTB25,224,gene pair
ctrl+IGDCC3,223,single gene
KLF1+MAP2K6,222,gene pair
SNAI1+ctrl,220,single gene
MAP2K3+IKZF3,220,gene pair
TP73+ctrl,218,single gene
C3orf72+ctrl,217,single gene
KLF1+CLDN6,215,gene pair
ctrl+ISL2,213,single gene
KIF18B+ctrl,212,single gene
SAMD1+UBASH3B,209,gene pair
TGFBR2+ctrl,209,single gene
ctrl+IKZF3,209,single gene
TGFBR2+PRTG,208,gene pair
FOSB+IKZF3,204,gene pair
POU3F2+CBFA2T3,202,gene pair
HNF4A+ctrl,202,single gene
ctrl+PTPN9,199,single gene
ZNF318+FOXL2,197,gene pair
NCL+ctrl,197,single gene
CEBPE+CNN1,194,gene pair
PTPN12+ctrl,194,single gene
ctrl+HOXC13,192,single gene
FOXO4+ctrl,189,single gene
CKS1B+ctrl,189,single gene
CEBPB+OSR2,188,gene pair
KMT2A+ctrl,185,single gene
ARID1A+ctrl,182,single gene
ctrl+CEBPB,182,single gene
FOXA3+FOXA1,181,gene pair
FOXA1+FOXL2,179,gene pair
ctrl+SAMD1,178,single gene
FOXL2+MEIS1,177,gene pair
CEBPE+SPI1,175,gene pair
FEV+ctrl,173,single gene
FOXF1+HOXB9,173,gene pair
FOXF1+FOXL2,173,gene pair
SPI1+ctrl,170,single gene
CITED1+ctrl,169,single gene
DUSP9+SNAI1,168,gene pair
CDKN1C+ctrl,165,single gene
NIT1+ctrl,165,single gene
SAMD1+ZBTB1,164,gene pair
ctrl+PTPN12,164,single gene
PTPN9+ctrl,164,single gene
ZBTB10+ELMSAN1,161,gene pair
ctrl+SNAI1,160,single gene
LYL1+CEBPB,159,gene pair
CBL+TGFBR2,156,gene pair
BCL2L11+BAK1,153,gene pair
FEV+CBFA2T3,153,gene pair
HOXC13+ctrl,151,single gene
FOXA3+FOXF1,146,gene pair
ZBTB10+ctrl,145,single gene
ctrl+CDKN1B,145,single gene
CNN1+UBASH3A,144,gene pair
CDKN1A+ctrl,144,single gene
FOSB+CEBPE,142,gene pair
ctrl+STIL,141,single gene
ctrl+CDKN1A,131,single gene
STIL+ctrl,127,single gene
ZC3HAV1+CEBPA,124,gene pair
HES7+ctrl,122,single gene
FOXA3+FOXL2,113,gene pair
CEBPE+CEBPB,111,gene pair
PRDM1+CBFA2T3,109,gene pair
IGDCC3+PRTG,108,gene pair
SNAI1+DLX2,107,gene pair
IGDCC3+ZBTB25,99,gene pair
CDKN1B+CDKN1A,98,gene pair
PLK4+ctrl,97,single gene
FOXL2+HOXB9,87,gene pair
ZBTB10+SNAI1,85,gene pair
FOSB+CEBPB,85,gene pair
KIF18B+KIF2C,83,gene pair
CDKN1C+CDKN1A,80,gene pair
CDKN1C+CDKN1B,79,gene pair
CEBPB+CEBPA,75,gene pair
ZBTB10+DLX2,74,gene pair
JUN+CEBPA,70,gene pair
PLK4+STIL,66,gene pair
SAMD1+TGFBR2,59,gene pair
JUN+CEBPB,52,gene pair
CBL+UBASH3A,50,gene pair
C3orf72+FOXL2,49,gene pair
